codec,geometry,size_bytes,run,write_ms,read_ms,verify,mode,arch,cpu,kernel,simd
plain,1+0,4096,1,72,62,OK,healthy,x86_64,Intel(R) N100,6.19.8-200.fc43.x86_64,avx2
stripe,10+0,4096,1,108,66,OK,healthy,x86_64,Intel(R) N100,6.19.8-200.fc43.x86_64,avx2
rs,4+2,4096,1,100,99,OK,healthy,x86_64,Intel(R) N100,6.19.8-200.fc43.x86_64,avx2
mojette-sys,4+2,4096,1,101,88,OK,healthy,x86_64,Intel(R) N100,6.19.8-200.fc43.x86_64,avx2
mojette-nonsys,4+2,4096,1,97,80,OK,healthy,x86_64,Intel(R) N100,6.19.8-200.fc43.x86_64,avx2
rs,4+2,4096,1,0,72,OK,degraded-1,x86_64,Intel(R) N100,6.19.8-200.fc43.x86_64,avx2
mojette-sys,4+2,4096,1,0,89,OK,degraded-1,x86_64,Intel(R) N100,6.19.8-200.fc43.x86_64,avx2
mojette-nonsys,4+2,4096,1,0,82,OK,degraded-1,x86_64,Intel(R) N100,6.19.8-200.fc43.x86_64,avx2
rs,8+2,4096,1,94,92,OK,healthy,x86_64,Intel(R) N100,6.19.8-200.fc43.x86_64,avx2
mojette-sys,8+2,4096,1,96,86,OK,healthy,x86_64,Intel(R) N100,6.19.8-200.fc43.x86_64,avx2
mojette-nonsys,8+2,4096,1,98,107,OK,healthy,x86_64,Intel(R) N100,6.19.8-200.fc43.x86_64,avx2
rs,8+2,4096,1,0,43,OK,degraded-1,x86_64,Intel(R) N100,6.19.8-200.fc43.x86_64,avx2
mojette-sys,8+2,4096,1,0,48,OK,degraded-1,x86_64,Intel(R) N100,6.19.8-200.fc43.x86_64,avx2
mojette-nonsys,8+2,4096,1,0,72,OK,degraded-1,x86_64,Intel(R) N100,6.19.8-200.fc43.x86_64,avx2
plain,1+0,4096,2,69,61,OK,healthy,x86_64,Intel(R) N100,6.19.8-200.fc43.x86_64,avx2
stripe,10+0,4096,2,74,59,OK,healthy,x86_64,Intel(R) N100,6.19.8-200.fc43.x86_64,avx2
rs,4+2,4096,2,70,56,OK,healthy,x86_64,Intel(R) N100,6.19.8-200.fc43.x86_64,avx2
mojette-sys,4+2,4096,2,71,56,OK,healthy,x86_64,Intel(R) N100,6.19.8-200.fc43.x86_64,avx2
mojette-nonsys,4+2,4096,2,71,52,OK,healthy,x86_64,Intel(R) N100,6.19.8-200.fc43.x86_64,avx2
rs,4+2,4096,2,0,40,OK,degraded-1,x86_64,Intel(R) N100,6.19.8-200.fc43.x86_64,avx2
mojette-sys,4+2,4096,2,0,51,OK,degraded-1,x86_64,Intel(R) N100,6.19.8-200.fc43.x86_64,avx2
mojette-nonsys,4+2,4096,2,0,72,OK,degraded-1,x86_64,Intel(R) N100,6.19.8-200.fc43.x86_64,avx2
rs,8+2,4096,2,63,58,OK,healthy,x86_64,Intel(R) N100,6.19.8-200.fc43.x86_64,avx2
mojette-sys,8+2,4096,2,66,88,OK,healthy,x86_64,Intel(R) N100,6.19.8-200.fc43.x86_64,avx2
mojette-nonsys,8+2,4096,2,66,130,OK,healthy,x86_64,Intel(R) N100,6.19.8-200.fc43.x86_64,avx2
rs,8+2,4096,2,0,43,OK,degraded-1,x86_64,Intel(R) N100,6.19.8-200.fc43.x86_64,avx2
mojette-sys,8+2,4096,2,0,48,OK,degraded-1,x86_64,Intel(R) N100,6.19.8-200.fc43.x86_64,avx2
mojette-nonsys,8+2,4096,2,0,80,OK,degraded-1,x86_64,Intel(R) N100,6.19.8-200.fc43.x86_64,avx2
plain,1+0,4096,3,33,27,OK,healthy,x86_64,Intel(R) N100,6.19.8-200.fc43.x86_64,avx2
stripe,10+0,4096,3,63,58,OK,healthy,x86_64,Intel(R) N100,6.19.8-200.fc43.x86_64,avx2
rs,4+2,4096,3,70,58,OK,healthy,x86_64,Intel(R) N100,6.19.8-200.fc43.x86_64,avx2
mojette-sys,4+2,4096,3,61,51,OK,healthy,x86_64,Intel(R) N100,6.19.8-200.fc43.x86_64,avx2
mojette-nonsys,4+2,4096,3,58,49,OK,healthy,x86_64,Intel(R) N100,6.19.8-200.fc43.x86_64,avx2
rs,4+2,4096,3,0,53,OK,degraded-1,x86_64,Intel(R) N100,6.19.8-200.fc43.x86_64,avx2
mojette-sys,4+2,4096,3,0,54,OK,degraded-1,x86_64,Intel(R) N100,6.19.8-200.fc43.x86_64,avx2
mojette-nonsys,4+2,4096,3,0,60,OK,degraded-1,x86_64,Intel(R) N100,6.19.8-200.fc43.x86_64,avx2
rs,8+2,4096,3,71,60,OK,healthy,x86_64,Intel(R) N100,6.19.8-200.fc43.x86_64,avx2
mojette-sys,8+2,4096,3,73,47,OK,healthy,x86_64,Intel(R) N100,6.19.8-200.fc43.x86_64,avx2
mojette-nonsys,8+2,4096,3,74,84,OK,healthy,x86_64,Intel(R) N100,6.19.8-200.fc43.x86_64,avx2
rs,8+2,4096,3,0,51,OK,degraded-1,x86_64,Intel(R) N100,6.19.8-200.fc43.x86_64,avx2
mojette-sys,8+2,4096,3,0,57,OK,degraded-1,x86_64,Intel(R) N100,6.19.8-200.fc43.x86_64,avx2
mojette-nonsys,8+2,4096,3,0,85,OK,degraded-1,x86_64,Intel(R) N100,6.19.8-200.fc43.x86_64,avx2
plain,1+0,4096,4,42,36,OK,healthy,x86_64,Intel(R) N100,6.19.8-200.fc43.x86_64,avx2
stripe,10+0,4096,4,71,58,OK,healthy,x86_64,Intel(R) N100,6.19.8-200.fc43.x86_64,avx2
rs,4+2,4096,4,69,81,OK,healthy,x86_64,Intel(R) N100,6.19.8-200.fc43.x86_64,avx2
mojette-sys,4+2,4096,4,94,49,OK,healthy,x86_64,Intel(R) N100,6.19.8-200.fc43.x86_64,avx2
mojette-nonsys,4+2,4096,4,69,54,OK,healthy,x86_64,Intel(R) N100,6.19.8-200.fc43.x86_64,avx2
rs,4+2,4096,4,0,40,OK,degraded-1,x86_64,Intel(R) N100,6.19.8-200.fc43.x86_64,avx2
mojette-sys,4+2,4096,4,0,40,OK,degraded-1,x86_64,Intel(R) N100,6.19.8-200.fc43.x86_64,avx2
mojette-nonsys,4+2,4096,4,0,58,OK,degraded-1,x86_64,Intel(R) N100,6.19.8-200.fc43.x86_64,avx2
rs,8+2,4096,4,68,60,OK,healthy,x86_64,Intel(R) N100,6.19.8-200.fc43.x86_64,avx2
mojette-sys,8+2,4096,4,73,58,OK,healthy,x86_64,Intel(R) N100,6.19.8-200.fc43.x86_64,avx2
mojette-nonsys,8+2,4096,4,75,81,OK,healthy,x86_64,Intel(R) N100,6.19.8-200.fc43.x86_64,avx2
rs,8+2,4096,4,0,58,OK,degraded-1,x86_64,Intel(R) N100,6.19.8-200.fc43.x86_64,avx2
mojette-sys,8+2,4096,4,0,60,OK,degraded-1,x86_64,Intel(R) N100,6.19.8-200.fc43.x86_64,avx2
mojette-nonsys,8+2,4096,4,0,82,OK,degraded-1,x86_64,Intel(R) N100,6.19.8-200.fc43.x86_64,avx2
plain,1+0,4096,5,42,39,OK,healthy,x86_64,Intel(R) N100,6.19.8-200.fc43.x86_64,avx2
stripe,10+0,4096,5,71,62,OK,healthy,x86_64,Intel(R) N100,6.19.8-200.fc43.x86_64,avx2
rs,4+2,4096,5,64,57,OK,healthy,x86_64,Intel(R) N100,6.19.8-200.fc43.x86_64,avx2
mojette-sys,4+2,4096,5,63,56,OK,healthy,x86_64,Intel(R) N100,6.19.8-200.fc43.x86_64,avx2
mojette-nonsys,4+2,4096,5,68,61,OK,healthy,x86_64,Intel(R) N100,6.19.8-200.fc43.x86_64,avx2
rs,4+2,4096,5,0,51,OK,degraded-1,x86_64,Intel(R) N100,6.19.8-200.fc43.x86_64,avx2
mojette-sys,4+2,4096,5,0,54,OK,degraded-1,x86_64,Intel(R) N100,6.19.8-200.fc43.x86_64,avx2
mojette-nonsys,4+2,4096,5,0,60,OK,degraded-1,x86_64,Intel(R) N100,6.19.8-200.fc43.x86_64,avx2
rs,8+2,4096,5,69,57,OK,healthy,x86_64,Intel(R) N100,6.19.8-200.fc43.x86_64,avx2
mojette-sys,8+2,4096,5,74,60,OK,healthy,x86_64,Intel(R) N100,6.19.8-200.fc43.x86_64,avx2
mojette-nonsys,8+2,4096,5,69,76,OK,healthy,x86_64,Intel(R) N100,6.19.8-200.fc43.x86_64,avx2
rs,8+2,4096,5,0,48,OK,degraded-1,x86_64,Intel(R) N100,6.19.8-200.fc43.x86_64,avx2
mojette-sys,8+2,4096,5,0,49,OK,degraded-1,x86_64,Intel(R) N100,6.19.8-200.fc43.x86_64,avx2
mojette-nonsys,8+2,4096,5,0,78,OK,degraded-1,x86_64,Intel(R) N100,6.19.8-200.fc43.x86_64,avx2
plain,1+0,16384,1,46,32,OK,healthy,x86_64,Intel(R) N100,6.19.8-200.fc43.x86_64,avx2
stripe,10+0,16384,1,68,55,OK,healthy,x86_64,Intel(R) N100,6.19.8-200.fc43.x86_64,avx2
rs,4+2,16384,1,69,55,OK,healthy,x86_64,Intel(R) N100,6.19.8-200.fc43.x86_64,avx2
mojette-sys,4+2,16384,1,67,59,OK,healthy,x86_64,Intel(R) N100,6.19.8-200.fc43.x86_64,avx2
mojette-nonsys,4+2,16384,1,63,58,OK,healthy,x86_64,Intel(R) N100,6.19.8-200.fc43.x86_64,avx2
rs,4+2,16384,1,0,53,OK,degraded-1,x86_64,Intel(R) N100,6.19.8-200.fc43.x86_64,avx2
mojette-sys,4+2,16384,1,0,55,OK,degraded-1,x86_64,Intel(R) N100,6.19.8-200.fc43.x86_64,avx2
mojette-nonsys,4+2,16384,1,0,61,OK,degraded-1,x86_64,Intel(R) N100,6.19.8-200.fc43.x86_64,avx2
rs,8+2,16384,1,70,57,OK,healthy,x86_64,Intel(R) N100,6.19.8-200.fc43.x86_64,avx2
mojette-sys,8+2,16384,1,67,61,OK,healthy,x86_64,Intel(R) N100,6.19.8-200.fc43.x86_64,avx2
mojette-nonsys,8+2,16384,1,75,81,OK,healthy,x86_64,Intel(R) N100,6.19.8-200.fc43.x86_64,avx2
rs,8+2,16384,1,0,52,OK,degraded-1,x86_64,Intel(R) N100,6.19.8-200.fc43.x86_64,avx2
mojette-sys,8+2,16384,1,0,51,OK,degraded-1,x86_64,Intel(R) N100,6.19.8-200.fc43.x86_64,avx2
mojette-nonsys,8+2,16384,1,0,83,OK,degraded-1,x86_64,Intel(R) N100,6.19.8-200.fc43.x86_64,avx2
plain,1+0,16384,2,37,34,OK,healthy,x86_64,Intel(R) N100,6.19.8-200.fc43.x86_64,avx2
stripe,10+0,16384,2,68,56,OK,healthy,x86_64,Intel(R) N100,6.19.8-200.fc43.x86_64,avx2
rs,4+2,16384,2,69,57,OK,healthy,x86_64,Intel(R) N100,6.19.8-200.fc43.x86_64,avx2
mojette-sys,4+2,16384,2,65,57,OK,healthy,x86_64,Intel(R) N100,6.19.8-200.fc43.x86_64,avx2
mojette-nonsys,4+2,16384,2,73,61,OK,healthy,x86_64,Intel(R) N100,6.19.8-200.fc43.x86_64,avx2
rs,4+2,16384,2,0,47,OK,degraded-1,x86_64,Intel(R) N100,6.19.8-200.fc43.x86_64,avx2
mojette-sys,4+2,16384,2,0,53,OK,degraded-1,x86_64,Intel(R) N100,6.19.8-200.fc43.x86_64,avx2
mojette-nonsys,4+2,16384,2,0,62,OK,degraded-1,x86_64,Intel(R) N100,6.19.8-200.fc43.x86_64,avx2
rs,8+2,16384,2,69,61,OK,healthy,x86_64,Intel(R) N100,6.19.8-200.fc43.x86_64,avx2
mojette-sys,8+2,16384,2,73,61,OK,healthy,x86_64,Intel(R) N100,6.19.8-200.fc43.x86_64,avx2
mojette-nonsys,8+2,16384,2,73,79,OK,healthy,x86_64,Intel(R) N100,6.19.8-200.fc43.x86_64,avx2
rs,8+2,16384,2,0,54,OK,degraded-1,x86_64,Intel(R) N100,6.19.8-200.fc43.x86_64,avx2
mojette-sys,8+2,16384,2,0,57,OK,degraded-1,x86_64,Intel(R) N100,6.19.8-200.fc43.x86_64,avx2
mojette-nonsys,8+2,16384,2,0,84,OK,degraded-1,x86_64,Intel(R) N100,6.19.8-200.fc43.x86_64,avx2
plain,1+0,16384,3,38,40,OK,healthy,x86_64,Intel(R) N100,6.19.8-200.fc43.x86_64,avx2
stripe,10+0,16384,3,72,66,OK,healthy,x86_64,Intel(R) N100,6.19.8-200.fc43.x86_64,avx2
rs,4+2,16384,3,69,51,OK,healthy,x86_64,Intel(R) N100,6.19.8-200.fc43.x86_64,avx2
mojette-sys,4+2,16384,3,73,88,OK,healthy,x86_64,Intel(R) N100,6.19.8-200.fc43.x86_64,avx2
mojette-nonsys,4+2,16384,3,60,64,OK,healthy,x86_64,Intel(R) N100,6.19.8-200.fc43.x86_64,avx2
rs,4+2,16384,3,0,87,OK,degraded-1,x86_64,Intel(R) N100,6.19.8-200.fc43.x86_64,avx2
mojette-sys,4+2,16384,3,0,40,OK,degraded-1,x86_64,Intel(R) N100,6.19.8-200.fc43.x86_64,avx2
mojette-nonsys,4+2,16384,3,0,45,OK,degraded-1,x86_64,Intel(R) N100,6.19.8-200.fc43.x86_64,avx2
rs,8+2,16384,3,66,60,OK,healthy,x86_64,Intel(R) N100,6.19.8-200.fc43.x86_64,avx2
mojette-sys,8+2,16384,3,73,60,OK,healthy,x86_64,Intel(R) N100,6.19.8-200.fc43.x86_64,avx2
mojette-nonsys,8+2,16384,3,73,81,OK,healthy,x86_64,Intel(R) N100,6.19.8-200.fc43.x86_64,avx2
rs,8+2,16384,3,0,42,OK,degraded-1,x86_64,Intel(R) N100,6.19.8-200.fc43.x86_64,avx2
mojette-sys,8+2,16384,3,0,52,OK,degraded-1,x86_64,Intel(R) N100,6.19.8-200.fc43.x86_64,avx2
mojette-nonsys,8+2,16384,3,0,79,OK,degraded-1,x86_64,Intel(R) N100,6.19.8-200.fc43.x86_64,avx2
plain,1+0,16384,4,41,38,OK,healthy,x86_64,Intel(R) N100,6.19.8-200.fc43.x86_64,avx2
stripe,10+0,16384,4,70,45,OK,healthy,x86_64,Intel(R) N100,6.19.8-200.fc43.x86_64,avx2
rs,4+2,16384,4,63,54,OK,healthy,x86_64,Intel(R) N100,6.19.8-200.fc43.x86_64,avx2
mojette-sys,4+2,16384,4,67,56,OK,healthy,x86_64,Intel(R) N100,6.19.8-200.fc43.x86_64,avx2
mojette-nonsys,4+2,16384,4,55,60,OK,healthy,x86_64,Intel(R) N100,6.19.8-200.fc43.x86_64,avx2
rs,4+2,16384,4,0,46,OK,degraded-1,x86_64,Intel(R) N100,6.19.8-200.fc43.x86_64,avx2
mojette-sys,4+2,16384,4,0,42,OK,degraded-1,x86_64,Intel(R) N100,6.19.8-200.fc43.x86_64,avx2
mojette-nonsys,4+2,16384,4,0,60,OK,degraded-1,x86_64,Intel(R) N100,6.19.8-200.fc43.x86_64,avx2
rs,8+2,16384,4,68,51,OK,healthy,x86_64,Intel(R) N100,6.19.8-200.fc43.x86_64,avx2
mojette-sys,8+2,16384,4,72,58,OK,healthy,x86_64,Intel(R) N100,6.19.8-200.fc43.x86_64,avx2
mojette-nonsys,8+2,16384,4,73,84,OK,healthy,x86_64,Intel(R) N100,6.19.8-200.fc43.x86_64,avx2
rs,8+2,16384,4,0,53,OK,degraded-1,x86_64,Intel(R) N100,6.19.8-200.fc43.x86_64,avx2
mojette-sys,8+2,16384,4,0,51,OK,degraded-1,x86_64,Intel(R) N100,6.19.8-200.fc43.x86_64,avx2
mojette-nonsys,8+2,16384,4,0,81,OK,degraded-1,x86_64,Intel(R) N100,6.19.8-200.fc43.x86_64,avx2
plain,1+0,16384,5,47,40,OK,healthy,x86_64,Intel(R) N100,6.19.8-200.fc43.x86_64,avx2
stripe,10+0,16384,5,74,57,OK,healthy,x86_64,Intel(R) N100,6.19.8-200.fc43.x86_64,avx2
rs,4+2,16384,5,73,47,OK,healthy,x86_64,Intel(R) N100,6.19.8-200.fc43.x86_64,avx2
mojette-sys,4+2,16384,5,59,57,OK,healthy,x86_64,Intel(R) N100,6.19.8-200.fc43.x86_64,avx2
mojette-nonsys,4+2,16384,5,71,55,OK,healthy,x86_64,Intel(R) N100,6.19.8-200.fc43.x86_64,avx2
rs,4+2,16384,5,0,43,OK,degraded-1,x86_64,Intel(R) N100,6.19.8-200.fc43.x86_64,avx2
mojette-sys,4+2,16384,5,0,53,OK,degraded-1,x86_64,Intel(R) N100,6.19.8-200.fc43.x86_64,avx2
mojette-nonsys,4+2,16384,5,0,62,OK,degraded-1,x86_64,Intel(R) N100,6.19.8-200.fc43.x86_64,avx2
rs,8+2,16384,5,61,55,OK,healthy,x86_64,Intel(R) N100,6.19.8-200.fc43.x86_64,avx2
mojette-sys,8+2,16384,5,70,59,OK,healthy,x86_64,Intel(R) N100,6.19.8-200.fc43.x86_64,avx2
mojette-nonsys,8+2,16384,5,77,81,OK,healthy,x86_64,Intel(R) N100,6.19.8-200.fc43.x86_64,avx2
rs,8+2,16384,5,0,51,OK,degraded-1,x86_64,Intel(R) N100,6.19.8-200.fc43.x86_64,avx2
mojette-sys,8+2,16384,5,0,58,OK,degraded-1,x86_64,Intel(R) N100,6.19.8-200.fc43.x86_64,avx2
mojette-nonsys,8+2,16384,5,0,76,OK,degraded-1,x86_64,Intel(R) N100,6.19.8-200.fc43.x86_64,avx2
plain,1+0,65536,1,46,46,OK,healthy,x86_64,Intel(R) N100,6.19.8-200.fc43.x86_64,avx2
stripe,10+0,65536,1,105,68,OK,healthy,x86_64,Intel(R) N100,6.19.8-200.fc43.x86_64,avx2
rs,4+2,65536,1,110,60,OK,healthy,x86_64,Intel(R) N100,6.19.8-200.fc43.x86_64,avx2
mojette-sys,4+2,65536,1,111,70,OK,healthy,x86_64,Intel(R) N100,6.19.8-200.fc43.x86_64,avx2
mojette-nonsys,4+2,65536,1,112,90,OK,healthy,x86_64,Intel(R) N100,6.19.8-200.fc43.x86_64,avx2
rs,4+2,65536,1,0,61,OK,degraded-1,x86_64,Intel(R) N100,6.19.8-200.fc43.x86_64,avx2
mojette-sys,4+2,65536,1,0,53,OK,degraded-1,x86_64,Intel(R) N100,6.19.8-200.fc43.x86_64,avx2
mojette-nonsys,4+2,65536,1,0,87,OK,degraded-1,x86_64,Intel(R) N100,6.19.8-200.fc43.x86_64,avx2
rs,8+2,65536,1,257,74,OK,healthy,x86_64,Intel(R) N100,6.19.8-200.fc43.x86_64,avx2
mojette-sys,8+2,65536,1,148,71,OK,healthy,x86_64,Intel(R) N100,6.19.8-200.fc43.x86_64,avx2
mojette-nonsys,8+2,65536,1,90,97,OK,healthy,x86_64,Intel(R) N100,6.19.8-200.fc43.x86_64,avx2
rs,8+2,65536,1,0,65,OK,degraded-1,x86_64,Intel(R) N100,6.19.8-200.fc43.x86_64,avx2
mojette-sys,8+2,65536,1,0,65,OK,degraded-1,x86_64,Intel(R) N100,6.19.8-200.fc43.x86_64,avx2
mojette-nonsys,8+2,65536,1,0,115,OK,degraded-1,x86_64,Intel(R) N100,6.19.8-200.fc43.x86_64,avx2
plain,1+0,65536,2,62,54,OK,healthy,x86_64,Intel(R) N100,6.19.8-200.fc43.x86_64,avx2
stripe,10+0,65536,2,243,76,OK,healthy,x86_64,Intel(R) N100,6.19.8-200.fc43.x86_64,avx2
rs,4+2,65536,2,133,86,OK,healthy,x86_64,Intel(R) N100,6.19.8-200.fc43.x86_64,avx2
mojette-sys,4+2,65536,2,388,74,OK,healthy,x86_64,Intel(R) N100,6.19.8-200.fc43.x86_64,avx2
mojette-nonsys,4+2,65536,2,111,85,OK,healthy,x86_64,Intel(R) N100,6.19.8-200.fc43.x86_64,avx2
rs,4+2,65536,2,0,67,OK,degraded-1,x86_64,Intel(R) N100,6.19.8-200.fc43.x86_64,avx2
mojette-sys,4+2,65536,2,0,66,OK,degraded-1,x86_64,Intel(R) N100,6.19.8-200.fc43.x86_64,avx2
mojette-nonsys,4+2,65536,2,0,88,OK,degraded-1,x86_64,Intel(R) N100,6.19.8-200.fc43.x86_64,avx2
rs,8+2,65536,2,90,68,OK,healthy,x86_64,Intel(R) N100,6.19.8-200.fc43.x86_64,avx2
mojette-sys,8+2,65536,2,83,75,OK,healthy,x86_64,Intel(R) N100,6.19.8-200.fc43.x86_64,avx2
mojette-nonsys,8+2,65536,2,91,111,OK,healthy,x86_64,Intel(R) N100,6.19.8-200.fc43.x86_64,avx2
rs,8+2,65536,2,0,49,OK,degraded-1,x86_64,Intel(R) N100,6.19.8-200.fc43.x86_64,avx2
mojette-sys,8+2,65536,2,0,66,OK,degraded-1,x86_64,Intel(R) N100,6.19.8-200.fc43.x86_64,avx2
mojette-nonsys,8+2,65536,2,0,111,OK,degraded-1,x86_64,Intel(R) N100,6.19.8-200.fc43.x86_64,avx2
plain,1+0,65536,3,54,45,OK,healthy,x86_64,Intel(R) N100,6.19.8-200.fc43.x86_64,avx2
stripe,10+0,65536,3,83,57,OK,healthy,x86_64,Intel(R) N100,6.19.8-200.fc43.x86_64,avx2
rs,4+2,65536,3,86,56,OK,healthy,x86_64,Intel(R) N100,6.19.8-200.fc43.x86_64,avx2
mojette-sys,4+2,65536,3,175,65,OK,healthy,x86_64,Intel(R) N100,6.19.8-200.fc43.x86_64,avx2
mojette-nonsys,4+2,65536,3,213,89,OK,healthy,x86_64,Intel(R) N100,6.19.8-200.fc43.x86_64,avx2
rs,4+2,65536,3,0,64,OK,degraded-1,x86_64,Intel(R) N100,6.19.8-200.fc43.x86_64,avx2
mojette-sys,4+2,65536,3,0,65,OK,degraded-1,x86_64,Intel(R) N100,6.19.8-200.fc43.x86_64,avx2
mojette-nonsys,4+2,65536,3,0,89,OK,degraded-1,x86_64,Intel(R) N100,6.19.8-200.fc43.x86_64,avx2
rs,8+2,65536,3,84,66,OK,healthy,x86_64,Intel(R) N100,6.19.8-200.fc43.x86_64,avx2
mojette-sys,8+2,65536,3,127,67,OK,healthy,x86_64,Intel(R) N100,6.19.8-200.fc43.x86_64,avx2
mojette-nonsys,8+2,65536,3,88,110,OK,healthy,x86_64,Intel(R) N100,6.19.8-200.fc43.x86_64,avx2
rs,8+2,65536,3,0,49,OK,degraded-1,x86_64,Intel(R) N100,6.19.8-200.fc43.x86_64,avx2
mojette-sys,8+2,65536,3,0,59,OK,degraded-1,x86_64,Intel(R) N100,6.19.8-200.fc43.x86_64,avx2
mojette-nonsys,8+2,65536,3,0,110,OK,degraded-1,x86_64,Intel(R) N100,6.19.8-200.fc43.x86_64,avx2
plain,1+0,65536,4,51,47,OK,healthy,x86_64,Intel(R) N100,6.19.8-200.fc43.x86_64,avx2
stripe,10+0,65536,4,82,80,OK,healthy,x86_64,Intel(R) N100,6.19.8-200.fc43.x86_64,avx2
rs,4+2,65536,4,338,67,OK,healthy,x86_64,Intel(R) N100,6.19.8-200.fc43.x86_64,avx2
mojette-sys,4+2,65536,4,201,96,OK,healthy,x86_64,Intel(R) N100,6.19.8-200.fc43.x86_64,avx2
mojette-nonsys,4+2,65536,4,87,74,OK,healthy,x86_64,Intel(R) N100,6.19.8-200.fc43.x86_64,avx2
rs,4+2,65536,4,0,64,OK,degraded-1,x86_64,Intel(R) N100,6.19.8-200.fc43.x86_64,avx2
mojette-sys,4+2,65536,4,0,56,OK,degraded-1,x86_64,Intel(R) N100,6.19.8-200.fc43.x86_64,avx2
mojette-nonsys,4+2,65536,4,0,82,OK,degraded-1,x86_64,Intel(R) N100,6.19.8-200.fc43.x86_64,avx2
rs,8+2,65536,4,176,71,OK,healthy,x86_64,Intel(R) N100,6.19.8-200.fc43.x86_64,avx2
mojette-sys,8+2,65536,4,189,69,OK,healthy,x86_64,Intel(R) N100,6.19.8-200.fc43.x86_64,avx2
mojette-nonsys,8+2,65536,4,131,113,OK,healthy,x86_64,Intel(R) N100,6.19.8-200.fc43.x86_64,avx2
rs,8+2,65536,4,0,47,OK,degraded-1,x86_64,Intel(R) N100,6.19.8-200.fc43.x86_64,avx2
mojette-sys,8+2,65536,4,0,64,OK,degraded-1,x86_64,Intel(R) N100,6.19.8-200.fc43.x86_64,avx2
mojette-nonsys,8+2,65536,4,0,103,OK,degraded-1,x86_64,Intel(R) N100,6.19.8-200.fc43.x86_64,avx2
plain,1+0,65536,5,54,43,OK,healthy,x86_64,Intel(R) N100,6.19.8-200.fc43.x86_64,avx2
stripe,10+0,65536,5,72,64,OK,healthy,x86_64,Intel(R) N100,6.19.8-200.fc43.x86_64,avx2
rs,4+2,65536,5,78,60,OK,healthy,x86_64,Intel(R) N100,6.19.8-200.fc43.x86_64,avx2
mojette-sys,4+2,65536,5,230,74,OK,healthy,x86_64,Intel(R) N100,6.19.8-200.fc43.x86_64,avx2
mojette-nonsys,4+2,65536,5,211,97,OK,healthy,x86_64,Intel(R) N100,6.19.8-200.fc43.x86_64,avx2
rs,4+2,65536,5,0,63,OK,degraded-1,x86_64,Intel(R) N100,6.19.8-200.fc43.x86_64,avx2
mojette-sys,4+2,65536,5,0,65,OK,degraded-1,x86_64,Intel(R) N100,6.19.8-200.fc43.x86_64,avx2
mojette-nonsys,4+2,65536,5,0,88,OK,degraded-1,x86_64,Intel(R) N100,6.19.8-200.fc43.x86_64,avx2
rs,8+2,65536,5,81,66,OK,healthy,x86_64,Intel(R) N100,6.19.8-200.fc43.x86_64,avx2
mojette-sys,8+2,65536,5,85,68,OK,healthy,x86_64,Intel(R) N100,6.19.8-200.fc43.x86_64,avx2
mojette-nonsys,8+2,65536,5,81,111,OK,healthy,x86_64,Intel(R) N100,6.19.8-200.fc43.x86_64,avx2
rs,8+2,65536,5,0,47,OK,degraded-1,x86_64,Intel(R) N100,6.19.8-200.fc43.x86_64,avx2
mojette-sys,8+2,65536,5,0,59,OK,degraded-1,x86_64,Intel(R) N100,6.19.8-200.fc43.x86_64,avx2
mojette-nonsys,8+2,65536,5,0,110,OK,degraded-1,x86_64,Intel(R) N100,6.19.8-200.fc43.x86_64,avx2
plain,1+0,262144,1,78,70,OK,healthy,x86_64,Intel(R) N100,6.19.8-200.fc43.x86_64,avx2
stripe,10+0,262144,1,111,92,OK,healthy,x86_64,Intel(R) N100,6.19.8-200.fc43.x86_64,avx2
rs,4+2,262144,1,131,110,OK,healthy,x86_64,Intel(R) N100,6.19.8-200.fc43.x86_64,avx2
mojette-sys,4+2,262144,1,136,121,OK,healthy,x86_64,Intel(R) N100,6.19.8-200.fc43.x86_64,avx2
mojette-nonsys,4+2,262144,1,172,212,OK,healthy,x86_64,Intel(R) N100,6.19.8-200.fc43.x86_64,avx2
rs,4+2,262144,1,0,98,OK,degraded-1,x86_64,Intel(R) N100,6.19.8-200.fc43.x86_64,avx2
mojette-sys,4+2,262144,1,0,129,OK,degraded-1,x86_64,Intel(R) N100,6.19.8-200.fc43.x86_64,avx2
mojette-nonsys,4+2,262144,1,0,220,OK,degraded-1,x86_64,Intel(R) N100,6.19.8-200.fc43.x86_64,avx2
rs,8+2,262144,1,103,109,OK,healthy,x86_64,Intel(R) N100,6.19.8-200.fc43.x86_64,avx2
mojette-sys,8+2,262144,1,129,100,OK,healthy,x86_64,Intel(R) N100,6.19.8-200.fc43.x86_64,avx2
mojette-nonsys,8+2,262144,1,7374,296,OK,healthy,x86_64,Intel(R) N100,6.19.8-200.fc43.x86_64,avx2
rs,8+2,262144,1,0,103,OK,degraded-1,x86_64,Intel(R) N100,6.19.8-200.fc43.x86_64,avx2
mojette-sys,8+2,262144,1,0,92,OK,degraded-1,x86_64,Intel(R) N100,6.19.8-200.fc43.x86_64,avx2
mojette-nonsys,8+2,262144,1,0,284,OK,degraded-1,x86_64,Intel(R) N100,6.19.8-200.fc43.x86_64,avx2
plain,1+0,262144,2,113,81,OK,healthy,x86_64,Intel(R) N100,6.19.8-200.fc43.x86_64,avx2
stripe,10+0,262144,2,111,95,OK,healthy,x86_64,Intel(R) N100,6.19.8-200.fc43.x86_64,avx2
rs,4+2,262144,2,145,116,OK,healthy,x86_64,Intel(R) N100,6.19.8-200.fc43.x86_64,avx2
mojette-sys,4+2,262144,2,149,134,OK,healthy,x86_64,Intel(R) N100,6.19.8-200.fc43.x86_64,avx2
mojette-nonsys,4+2,262144,2,150,191,OK,healthy,x86_64,Intel(R) N100,6.19.8-200.fc43.x86_64,avx2
rs,4+2,262144,2,0,102,OK,degraded-1,x86_64,Intel(R) N100,6.19.8-200.fc43.x86_64,avx2
mojette-sys,4+2,262144,2,0,100,OK,degraded-1,x86_64,Intel(R) N100,6.19.8-200.fc43.x86_64,avx2
mojette-nonsys,4+2,262144,2,0,203,OK,degraded-1,x86_64,Intel(R) N100,6.19.8-200.fc43.x86_64,avx2
rs,8+2,262144,2,101,99,OK,healthy,x86_64,Intel(R) N100,6.19.8-200.fc43.x86_64,avx2
mojette-sys,8+2,262144,2,134,100,OK,healthy,x86_64,Intel(R) N100,6.19.8-200.fc43.x86_64,avx2
mojette-nonsys,8+2,262144,2,127,274,OK,healthy,x86_64,Intel(R) N100,6.19.8-200.fc43.x86_64,avx2
rs,8+2,262144,2,0,102,OK,degraded-1,x86_64,Intel(R) N100,6.19.8-200.fc43.x86_64,avx2
mojette-sys,8+2,262144,2,0,96,OK,degraded-1,x86_64,Intel(R) N100,6.19.8-200.fc43.x86_64,avx2
mojette-nonsys,8+2,262144,2,0,284,OK,degraded-1,x86_64,Intel(R) N100,6.19.8-200.fc43.x86_64,avx2
plain,1+0,262144,3,75,71,OK,healthy,x86_64,Intel(R) N100,6.19.8-200.fc43.x86_64,avx2
stripe,10+0,262144,3,112,92,OK,healthy,x86_64,Intel(R) N100,6.19.8-200.fc43.x86_64,avx2
rs,4+2,262144,3,127,112,OK,healthy,x86_64,Intel(R) N100,6.19.8-200.fc43.x86_64,avx2
mojette-sys,4+2,262144,3,170,108,OK,healthy,x86_64,Intel(R) N100,6.19.8-200.fc43.x86_64,avx2
mojette-nonsys,4+2,262144,3,141,170,OK,healthy,x86_64,Intel(R) N100,6.19.8-200.fc43.x86_64,avx2
rs,4+2,262144,3,0,97,OK,degraded-1,x86_64,Intel(R) N100,6.19.8-200.fc43.x86_64,avx2
mojette-sys,4+2,262144,3,0,95,OK,degraded-1,x86_64,Intel(R) N100,6.19.8-200.fc43.x86_64,avx2
mojette-nonsys,4+2,262144,3,0,194,OK,degraded-1,x86_64,Intel(R) N100,6.19.8-200.fc43.x86_64,avx2
rs,8+2,262144,3,115,100,OK,healthy,x86_64,Intel(R) N100,6.19.8-200.fc43.x86_64,avx2
mojette-sys,8+2,262144,3,136,99,OK,healthy,x86_64,Intel(R) N100,6.19.8-200.fc43.x86_64,avx2
mojette-nonsys,8+2,262144,3,142,280,OK,healthy,x86_64,Intel(R) N100,6.19.8-200.fc43.x86_64,avx2
rs,8+2,262144,3,0,108,OK,degraded-1,x86_64,Intel(R) N100,6.19.8-200.fc43.x86_64,avx2
mojette-sys,8+2,262144,3,0,92,OK,degraded-1,x86_64,Intel(R) N100,6.19.8-200.fc43.x86_64,avx2
mojette-nonsys,8+2,262144,3,0,299,OK,degraded-1,x86_64,Intel(R) N100,6.19.8-200.fc43.x86_64,avx2
plain,1+0,262144,4,91,79,OK,healthy,x86_64,Intel(R) N100,6.19.8-200.fc43.x86_64,avx2
stripe,10+0,262144,4,106,96,OK,healthy,x86_64,Intel(R) N100,6.19.8-200.fc43.x86_64,avx2
rs,4+2,262144,4,140,119,OK,healthy,x86_64,Intel(R) N100,6.19.8-200.fc43.x86_64,avx2
mojette-sys,4+2,262144,4,163,135,OK,healthy,x86_64,Intel(R) N100,6.19.8-200.fc43.x86_64,avx2
mojette-nonsys,4+2,262144,4,144,188,OK,healthy,x86_64,Intel(R) N100,6.19.8-200.fc43.x86_64,avx2
rs,4+2,262144,4,0,104,OK,degraded-1,x86_64,Intel(R) N100,6.19.8-200.fc43.x86_64,avx2
mojette-sys,4+2,262144,4,0,104,OK,degraded-1,x86_64,Intel(R) N100,6.19.8-200.fc43.x86_64,avx2
mojette-nonsys,4+2,262144,4,0,195,OK,degraded-1,x86_64,Intel(R) N100,6.19.8-200.fc43.x86_64,avx2
rs,8+2,262144,4,111,99,OK,healthy,x86_64,Intel(R) N100,6.19.8-200.fc43.x86_64,avx2
mojette-sys,8+2,262144,4,134,101,OK,healthy,x86_64,Intel(R) N100,6.19.8-200.fc43.x86_64,avx2
mojette-nonsys,8+2,262144,4,129,276,OK,healthy,x86_64,Intel(R) N100,6.19.8-200.fc43.x86_64,avx2
rs,8+2,262144,4,0,86,OK,degraded-1,x86_64,Intel(R) N100,6.19.8-200.fc43.x86_64,avx2
mojette-sys,8+2,262144,4,0,86,OK,degraded-1,x86_64,Intel(R) N100,6.19.8-200.fc43.x86_64,avx2
mojette-nonsys,8+2,262144,4,0,282,OK,degraded-1,x86_64,Intel(R) N100,6.19.8-200.fc43.x86_64,avx2
plain,1+0,262144,5,84,98,OK,healthy,x86_64,Intel(R) N100,6.19.8-200.fc43.x86_64,avx2
stripe,10+0,262144,5,110,96,OK,healthy,x86_64,Intel(R) N100,6.19.8-200.fc43.x86_64,avx2
rs,4+2,262144,5,132,110,OK,healthy,x86_64,Intel(R) N100,6.19.8-200.fc43.x86_64,avx2
mojette-sys,4+2,262144,5,144,109,OK,healthy,x86_64,Intel(R) N100,6.19.8-200.fc43.x86_64,avx2
mojette-nonsys,4+2,262144,5,137,180,OK,healthy,x86_64,Intel(R) N100,6.19.8-200.fc43.x86_64,avx2
rs,4+2,262144,5,0,101,OK,degraded-1,x86_64,Intel(R) N100,6.19.8-200.fc43.x86_64,avx2
mojette-sys,4+2,262144,5,0,104,OK,degraded-1,x86_64,Intel(R) N100,6.19.8-200.fc43.x86_64,avx2
mojette-nonsys,4+2,262144,5,0,211,OK,degraded-1,x86_64,Intel(R) N100,6.19.8-200.fc43.x86_64,avx2
rs,8+2,262144,5,126,92,OK,healthy,x86_64,Intel(R) N100,6.19.8-200.fc43.x86_64,avx2
mojette-sys,8+2,262144,5,159,121,OK,healthy,x86_64,Intel(R) N100,6.19.8-200.fc43.x86_64,avx2
mojette-nonsys,8+2,262144,5,132,280,OK,healthy,x86_64,Intel(R) N100,6.19.8-200.fc43.x86_64,avx2
rs,8+2,262144,5,0,282,OK,degraded-1,x86_64,Intel(R) N100,6.19.8-200.fc43.x86_64,avx2
mojette-sys,8+2,262144,5,0,92,OK,degraded-1,x86_64,Intel(R) N100,6.19.8-200.fc43.x86_64,avx2
mojette-nonsys,8+2,262144,5,0,281,OK,degraded-1,x86_64,Intel(R) N100,6.19.8-200.fc43.x86_64,avx2
plain,1+0,1048576,1,191,178,OK,healthy,x86_64,Intel(R) N100,6.19.8-200.fc43.x86_64,avx2
stripe,10+0,1048576,1,224,203,OK,healthy,x86_64,Intel(R) N100,6.19.8-200.fc43.x86_64,avx2
rs,4+2,1048576,1,320,266,OK,healthy,x86_64,Intel(R) N100,6.19.8-200.fc43.x86_64,avx2
mojette-sys,4+2,1048576,1,358,266,OK,healthy,x86_64,Intel(R) N100,6.19.8-200.fc43.x86_64,avx2
mojette-nonsys,4+2,1048576,1,364,612,OK,healthy,x86_64,Intel(R) N100,6.19.8-200.fc43.x86_64,avx2
rs,4+2,1048576,1,0,334,OK,degraded-1,x86_64,Intel(R) N100,6.19.8-200.fc43.x86_64,avx2
mojette-sys,4+2,1048576,1,0,250,OK,degraded-1,x86_64,Intel(R) N100,6.19.8-200.fc43.x86_64,avx2
mojette-nonsys,4+2,1048576,1,0,647,OK,degraded-1,x86_64,Intel(R) N100,6.19.8-200.fc43.x86_64,avx2
rs,8+2,1048576,1,335,229,OK,healthy,x86_64,Intel(R) N100,6.19.8-200.fc43.x86_64,avx2
mojette-sys,8+2,1048576,1,328,235,OK,healthy,x86_64,Intel(R) N100,6.19.8-200.fc43.x86_64,avx2
mojette-nonsys,8+2,1048576,1,359,948,OK,healthy,x86_64,Intel(R) N100,6.19.8-200.fc43.x86_64,avx2
rs,8+2,1048576,1,0,302,OK,degraded-1,x86_64,Intel(R) N100,6.19.8-200.fc43.x86_64,avx2
mojette-sys,8+2,1048576,1,0,258,OK,degraded-1,x86_64,Intel(R) N100,6.19.8-200.fc43.x86_64,avx2
mojette-nonsys,8+2,1048576,1,0,1048,OK,degraded-1,x86_64,Intel(R) N100,6.19.8-200.fc43.x86_64,avx2
plain,1+0,1048576,2,218,203,OK,healthy,x86_64,Intel(R) N100,6.19.8-200.fc43.x86_64,avx2
stripe,10+0,1048576,2,277,303,OK,healthy,x86_64,Intel(R) N100,6.19.8-200.fc43.x86_64,avx2
rs,4+2,1048576,2,351,312,OK,healthy,x86_64,Intel(R) N100,6.19.8-200.fc43.x86_64,avx2
mojette-sys,4+2,1048576,2,399,287,OK,healthy,x86_64,Intel(R) N100,6.19.8-200.fc43.x86_64,avx2
mojette-nonsys,4+2,1048576,2,396,569,OK,healthy,x86_64,Intel(R) N100,6.19.8-200.fc43.x86_64,avx2
rs,4+2,1048576,2,0,298,OK,degraded-1,x86_64,Intel(R) N100,6.19.8-200.fc43.x86_64,avx2
mojette-sys,4+2,1048576,2,0,256,OK,degraded-1,x86_64,Intel(R) N100,6.19.8-200.fc43.x86_64,avx2
mojette-nonsys,4+2,1048576,2,0,626,OK,degraded-1,x86_64,Intel(R) N100,6.19.8-200.fc43.x86_64,avx2
rs,8+2,1048576,2,329,286,OK,healthy,x86_64,Intel(R) N100,6.19.8-200.fc43.x86_64,avx2
mojette-sys,8+2,1048576,2,365,251,OK,healthy,x86_64,Intel(R) N100,6.19.8-200.fc43.x86_64,avx2
mojette-nonsys,8+2,1048576,2,355,951,OK,healthy,x86_64,Intel(R) N100,6.19.8-200.fc43.x86_64,avx2
rs,8+2,1048576,2,0,280,OK,degraded-1,x86_64,Intel(R) N100,6.19.8-200.fc43.x86_64,avx2
mojette-sys,8+2,1048576,2,0,228,OK,degraded-1,x86_64,Intel(R) N100,6.19.8-200.fc43.x86_64,avx2
mojette-nonsys,8+2,1048576,2,0,962,OK,degraded-1,x86_64,Intel(R) N100,6.19.8-200.fc43.x86_64,avx2
plain,1+0,1048576,3,187,171,OK,healthy,x86_64,Intel(R) N100,6.19.8-200.fc43.x86_64,avx2
stripe,10+0,1048576,3,232,212,OK,healthy,x86_64,Intel(R) N100,6.19.8-200.fc43.x86_64,avx2
rs,4+2,1048576,3,377,346,OK,healthy,x86_64,Intel(R) N100,6.19.8-200.fc43.x86_64,avx2
mojette-sys,4+2,1048576,3,388,324,OK,healthy,x86_64,Intel(R) N100,6.19.8-200.fc43.x86_64,avx2
mojette-nonsys,4+2,1048576,3,456,621,OK,healthy,x86_64,Intel(R) N100,6.19.8-200.fc43.x86_64,avx2
rs,4+2,1048576,3,0,297,OK,degraded-1,x86_64,Intel(R) N100,6.19.8-200.fc43.x86_64,avx2
mojette-sys,4+2,1048576,3,0,257,OK,degraded-1,x86_64,Intel(R) N100,6.19.8-200.fc43.x86_64,avx2
mojette-nonsys,4+2,1048576,3,0,619,OK,degraded-1,x86_64,Intel(R) N100,6.19.8-200.fc43.x86_64,avx2
rs,8+2,1048576,3,303,254,OK,healthy,x86_64,Intel(R) N100,6.19.8-200.fc43.x86_64,avx2
mojette-sys,8+2,1048576,3,352,280,OK,healthy,x86_64,Intel(R) N100,6.19.8-200.fc43.x86_64,avx2
mojette-nonsys,8+2,1048576,3,409,1022,OK,healthy,x86_64,Intel(R) N100,6.19.8-200.fc43.x86_64,avx2
rs,8+2,1048576,3,0,305,OK,degraded-1,x86_64,Intel(R) N100,6.19.8-200.fc43.x86_64,avx2
mojette-sys,8+2,1048576,3,0,224,OK,degraded-1,x86_64,Intel(R) N100,6.19.8-200.fc43.x86_64,avx2
mojette-nonsys,8+2,1048576,3,0,974,OK,degraded-1,x86_64,Intel(R) N100,6.19.8-200.fc43.x86_64,avx2
plain,1+0,1048576,4,189,173,OK,healthy,x86_64,Intel(R) N100,6.19.8-200.fc43.x86_64,avx2
stripe,10+0,1048576,4,222,206,OK,healthy,x86_64,Intel(R) N100,6.19.8-200.fc43.x86_64,avx2
rs,4+2,1048576,4,308,268,OK,healthy,x86_64,Intel(R) N100,6.19.8-200.fc43.x86_64,avx2
mojette-sys,4+2,1048576,4,357,269,OK,healthy,x86_64,Intel(R) N100,6.19.8-200.fc43.x86_64,avx2
mojette-nonsys,4+2,1048576,4,410,620,OK,healthy,x86_64,Intel(R) N100,6.19.8-200.fc43.x86_64,avx2
rs,4+2,1048576,4,0,279,OK,degraded-1,x86_64,Intel(R) N100,6.19.8-200.fc43.x86_64,avx2
mojette-sys,4+2,1048576,4,0,242,OK,degraded-1,x86_64,Intel(R) N100,6.19.8-200.fc43.x86_64,avx2
mojette-nonsys,4+2,1048576,4,0,628,OK,degraded-1,x86_64,Intel(R) N100,6.19.8-200.fc43.x86_64,avx2
rs,8+2,1048576,4,270,228,OK,healthy,x86_64,Intel(R) N100,6.19.8-200.fc43.x86_64,avx2
mojette-sys,8+2,1048576,4,330,236,OK,healthy,x86_64,Intel(R) N100,6.19.8-200.fc43.x86_64,avx2
mojette-nonsys,8+2,1048576,4,344,941,OK,healthy,x86_64,Intel(R) N100,6.19.8-200.fc43.x86_64,avx2
rs,8+2,1048576,4,0,257,OK,degraded-1,x86_64,Intel(R) N100,6.19.8-200.fc43.x86_64,avx2
mojette-sys,8+2,1048576,4,0,231,OK,degraded-1,x86_64,Intel(R) N100,6.19.8-200.fc43.x86_64,avx2
mojette-nonsys,8+2,1048576,4,0,1034,OK,degraded-1,x86_64,Intel(R) N100,6.19.8-200.fc43.x86_64,avx2
plain,1+0,1048576,5,170,179,OK,healthy,x86_64,Intel(R) N100,6.19.8-200.fc43.x86_64,avx2
stripe,10+0,1048576,5,224,203,OK,healthy,x86_64,Intel(R) N100,6.19.8-200.fc43.x86_64,avx2
rs,4+2,1048576,5,305,266,OK,healthy,x86_64,Intel(R) N100,6.19.8-200.fc43.x86_64,avx2
mojette-sys,4+2,1048576,5,361,266,OK,healthy,x86_64,Intel(R) N100,6.19.8-200.fc43.x86_64,avx2
mojette-nonsys,4+2,1048576,5,365,551,OK,healthy,x86_64,Intel(R) N100,6.19.8-200.fc43.x86_64,avx2
rs,4+2,1048576,5,0,253,OK,degraded-1,x86_64,Intel(R) N100,6.19.8-200.fc43.x86_64,avx2
mojette-sys,4+2,1048576,5,0,244,OK,degraded-1,x86_64,Intel(R) N100,6.19.8-200.fc43.x86_64,avx2
mojette-nonsys,4+2,1048576,5,0,619,OK,degraded-1,x86_64,Intel(R) N100,6.19.8-200.fc43.x86_64,avx2
rs,8+2,1048576,5,373,267,OK,healthy,x86_64,Intel(R) N100,6.19.8-200.fc43.x86_64,avx2
mojette-sys,8+2,1048576,5,323,244,OK,healthy,x86_64,Intel(R) N100,6.19.8-200.fc43.x86_64,avx2
mojette-nonsys,8+2,1048576,5,338,948,OK,healthy,x86_64,Intel(R) N100,6.19.8-200.fc43.x86_64,avx2
rs,8+2,1048576,5,0,272,OK,degraded-1,x86_64,Intel(R) N100,6.19.8-200.fc43.x86_64,avx2
mojette-sys,8+2,1048576,5,0,222,OK,degraded-1,x86_64,Intel(R) N100,6.19.8-200.fc43.x86_64,avx2
mojette-nonsys,8+2,1048576,5,0,973,OK,degraded-1,x86_64,Intel(R) N100,6.19.8-200.fc43.x86_64,avx2
